Reservoir,Max_Capacity_TAF,Initial_Storage_TAF,Final_Storage_TAF,Mean_Storage_TAF,Min_Storage_TAF,Max_Storage_TAF,Storage_Range_TAF,Mean_Storage_Percent,Min_Storage_Percent,Max_Storage_Percent,Days_Empty,Days_Full,Constraint_Violations,Mean_Daily_Change_TAF,Total_Inflow_TAF,Total_Outflow_TAF
BER,1602.0,1121.3999999999999,1156.4409924858576,1387.0996478711706,1112.9067768738055,1602.0,489.0932231261945,86.58549612179591,69.46983625928873,100.0,0,48,48,0.27966308115476907,2314.421153127308,1701.9590053983638
CLE,525.0,367.5,0.0,180.75086803134118,0.0,525.0,525.0,34.42873676787451,0.0,100.0,489,230,718,0.20615147706708303,6632.344451641049,6180.872716864137
DNP,2030.0,1421.0,1003.5894232160772,1660.0672008061674,1003.5894232160772,2030.0,1026.4105767839228,81.7767093993186,49.43790262148163,100.0,0,94,87,0.15560013559215255,11298.319319816606,10957.55502286979
EXC,1024.6,717.2199999999999,187.3709105008034,701.893424928931,187.3709105008034,1024.6,837.2290894991966,68.50414063331361,18.287225307515463,100.0,0,101,101,0.040336918306350854,6326.697510006998,6238.35965891609
FOL,977.0,683.9,339.758348180553,659.1980820204176,338.65752173612583,977.0,638.3424782638742,67.47165629686977,34.66300120124113,100.0,0,116,116,0.1155919844085356,19005.238976259643,18752.092530404945
NML,2400.0,1680.0,1152.0971921841121,2051.9201615334937,1152.0971921841121,2400.0,1247.9028078158879,85.4966733972289,48.004049674338006,100.0,0,171,171,0.3999936594645292,7537.2753592080535,6661.289244980736
ORO,3537.6,2476.3199999999997,967.5451282949113,2128.153764726986,966.7775249904188,3537.6,2570.822475009581,60.158123154878616,27.328627459023597,100.0,0,74,74,0.008350503778534054,25065.746734648787,25047.4591313738
PNF,1000.0,700.0,249.66082770985182,594.8150270168549,243.03206739043608,1000.0,756.967932609564,59.48150270168548,24.30320673904361,100.0,0,95,95,0.06793705411405537,10616.22345319666,10467.44130468688
SHA,4552.0,3186.3999999999996,1416.7927325524113,3447.4391720800554,1416.7927325524113,4552.0,3135.2072674475885,75.73460395606448,31.124620662399195,100.0,0,101,101,0.019320276204303835,31723.872343271214,31681.560938383787
